<?xml version="1.0" encoding="UTF-8"?>
<project-private xmlns="http://www.netbeans.org/ns/project-private/1">
    <editor-bookmarks xmlns="http://www.netbeans.org/ns/editor-bookmarks/2" lastBookmarkId="0"/>
    <open-files xmlns="http://www.netbeans.org/ns/projectui-open-files/2">
        <group name="JDBC">
            <file>file:/C:/Users/monde/OneDrive/Cursos/EGG/2.%20Programacion%20Cooperativa%20-%20Full%20Stack/repositorios/JDBC/Tienda/src/tienda/persistencia/ProductoDAO.java</file>
            <file>file:/C:/Users/monde/OneDrive/Cursos/EGG/2.%20Programacion%20Cooperativa%20-%20Full%20Stack/repositorios/JDBC/Tienda/src/tienda/Main.java</file>
            <file>file:/C:/Users/monde/OneDrive/Cursos/EGG/2.%20Programacion%20Cooperativa%20-%20Full%20Stack/repositorios/JDBC/Tienda/src/tienda/servicios/ProductoServicio.java</file>
            <file>file:/C:/Users/monde/OneDrive/Cursos/EGG/2.%20Programacion%20Cooperativa%20-%20Full%20Stack/repositorios/JDBC/Tienda/src/tienda/entidades/Producto.java</file>
            <file>file:/C:/Users/monde/OneDrive/Cursos/EGG/2.%20Programacion%20Cooperativa%20-%20Full%20Stack/repositorios/JDBC/Tienda/src/tienda/persistencia/DAO.java</file>
        </group>
    </open-files>
</project-private>
